api_type,frontend_type,backend_tag,frontend_tag,submenu
african_restaurant,Africain,regional_gastronomy,Cuisines du monde,Afrique
german_restaurant,Allemand,regional_gastronomy,Cuisines du monde,Europe
american_restaurant,Américain,regional_gastronomy,Cuisines du monde,Amérique du Nord
tex_mex_restaurant,Tex-Mex,regional_gastronomy,Cuisines du monde,Amérique du Nord
argentinian_restaurant,Argentin,regional_gastronomy,Cuisines du monde,Amérique du Sud
brazilian_restaurant,Brésilien,regional_gastronomy,Cuisines du monde,Amérique du Sud
british_restaurant,Britannique,regional_gastronomy,Cuisines du monde,Europe
cajun_restaurant,Cajun,regional_gastronomy,Cuisines du monde,Amérique du Nord
californian_restaurant,Californien,regional_gastronomy,Cuisines du monde,Amérique du Nord
caribbean_restaurant,Caribéen,regional_gastronomy,Cuisines du monde,Amérique du Sud
chilean_restaurant,Chilien,regional_gastronomy,Cuisines du monde,Amérique du Sud
colombian_restaurant,Colombien,regional_gastronomy,Cuisines du monde,Amérique du Sud
cuban_restaurant,Cubain,regional_gastronomy,Cuisines du monde,Amérique du Sud
danish_restaurant,Danois,regional_gastronomy,Cuisines du monde,Europe
dutch_restaurant,Néerlandais,regional_gastronomy,Cuisines du monde,Europe
eastern_european_restaurant,Est-Européen,regional_gastronomy,Cuisines du monde,Europe
ethiopian_restaurant,Éthiopien,regional_gastronomy,Cuisines du monde,Afrique
european_restaurant,Européen,regional_gastronomy,Cuisines du monde,Europe
filipino_restaurant,Philippin,regional_gastronomy,Cuisines du monde,Asie
french_restaurant,Français,regional_gastronomy,Cuisines du monde,Europe
greek_restaurant,Grec,regional_gastronomy,Cuisines du monde,Europe
hawaiian_restaurant,Hawaïen,regional_gastronomy,Cuisines du monde,Océanie
japanese_restaurant,Japonais,regional_gastronomy,Cuisines du monde,Asie
korean_restaurant,Coréen,regional_gastronomy,Cuisines du monde,Asie
latin_american_restaurant,Latino-Américain,regional_gastronomy,Cuisines du monde,Amérique du Sud
mediterranean_restaurant,Méditerranéen,regional_gastronomy,Cuisines du monde,Europe
mexican_restaurant,Mexicain,regional_gastronomy,Cuisines du monde,Amérique du Sud
middle_eastern_restaurant,Moyen-Oriental,regional_gastronomy,Cuisines du monde,Moyen-Orient
moroccan_restaurant,Marocain,regional_gastronomy,Cuisines du monde,Afrique
peruvian_restaurant,Péruvien,regional_gastronomy,Cuisines du monde,Amérique du Sud
scandinavian_restaurant,Scandinave,regional_gastronomy,Cuisines du monde,Europe
spanish_restaurant,Espagnol,regional_gastronomy,Cuisines du monde,Europe
western_restaurant,Occidental,regional_gastronomy,Cuisines du monde,Autres
afghani_restaurant,Afghan,regional_gastronomy,Cuisines du monde,Asie
asian_fusion_restaurant,Fusion Asiatique,regional_gastronomy,Cuisines du monde,Asie
asian_restaurant,Asiatique,regional_gastronomy,Cuisines du monde,Asie
bangladeshi_restaurant,Bangladais,regional_gastronomy,Cuisines du monde,Asie
cambodian_restaurant,Cambodgien,regional_gastronomy,Cuisines du monde,Asie
cantonese_restaurant,Cantonais,regional_gastronomy,Cuisines du monde,Asie
chinese_restaurant,Chinois,regional_gastronomy,Cuisines du monde,Asie
czech_restaurant,Tchèque,regional_gastronomy,Cuisines du monde,Europe
indian_restaurant,Indien,regional_gastronomy,Cuisines du monde,Asie
indonesian_restaurant,Indonésien,regional_gastronomy,Cuisines du monde,Asie
malaysian_restaurant,Malaisien,regional_gastronomy,Cuisines du monde,Asie
north_indian_restaurant,Indien,regional_gastronomy,Cuisines du monde,Asie
pakistani_restaurant,Pakistanais,regional_gastronomy,Cuisines du monde,Asie
south_american_restaurant,Sud-Américain,regional_gastronomy,Cuisines du monde,Amérique du Sud
south_indian_restaurant,Indien,regional_gastronomy,Cuisines du monde,Asie
southwestern_us_restaurant,Sud-Ouest Américain,regional_gastronomy,Cuisines du monde,Amérique du Nord
sri_lankan_restaurant,Sri-Lankais,regional_gastronomy,Cuisines du monde,Asie
taiwanese_restaurant,Taïwanais,regional_gastronomy,Cuisines du monde,Asie
thai_restaurant,Thaïlandais,regional_gastronomy,Cuisines du monde,Asie
tibetan_restaurant,Tibétain,regional_gastronomy,Cuisines du monde,Asie
vietnamese_restaurant,Vietnamien,regional_gastronomy,Cuisines du monde,Asie
austrian_restaurant,Autrichien,regional_gastronomy,Cuisines du monde,Europe
basque_restaurant,Basque,regional_gastronomy,Cuisines du monde,Europe
bavarian_restaurant,Bavarois,regional_gastronomy,Cuisines du monde,Europe
belgian_restaurant,Belge,regional_gastronomy,Cuisines du monde,Europe
burmese_restaurant,Birman,regional_gastronomy,Cuisines du monde,Asie
croatian_restaurant,Croate,regional_gastronomy,Cuisines du monde,Europe
hungarian_restaurant,Hongrois,regional_gastronomy,Cuisines du monde,Europe
irish_restaurant,Irlandais,regional_gastronomy,Cuisines du monde,Europe
italian_restaurant,Italien,regional_gastronomy,Cuisines du monde,Europe
polish_restaurant,Polonais,regional_gastronomy,Cuisines du monde,Europe
portuguese_restaurant,Portugais,regional_gastronomy,Cuisines du monde,Europe
romanian_restaurant,Roumain,regional_gastronomy,Cuisines du monde,Europe
russian_restaurant,Russe,regional_gastronomy,Cuisines du monde,Europe
swiss_restaurant,Suisse,regional_gastronomy,Cuisines du monde,Europe
ukrainian_restaurant,Ukrainien,regional_gastronomy,Cuisines du monde,Europe
bar,Bar,excluded,excluded,excluded
bar_and_grill,Bar-Grill,excluded,excluded,excluded
beer_garden,Brasserie,excluded,excluded,excluded
brewery,Brasserie,excluded,excluded,excluded
brewpub,Brasserie-Pub,excluded,excluded,excluded
cocktail_bar,Bar à Cocktails,excluded,excluded,excluded
gastropub,Gastropub,excluded,excluded,excluded
hookah_bar,Bar à Chicha,excluded,excluded,excluded
irish_pub,Pub Irlandais,excluded,excluded,excluded
japanese_izakaya_restaurant,Izakaya Japonais,excluded,excluded,excluded
lounge_bar,Bar Lounge,excluded,excluded,excluded
pub,Pub,excluded,excluded,excluded
sports_bar,Bar Sportif,excluded,excluded,excluded
wine_bar,Bar à Vin,excluded,excluded,excluded
winery,Domaine Viticole,excluded,excluded,excluded
cat_cafe,Cat Café,excluded,excluded,excluded
dog_cafe,Dog Café,excluded,excluded,excluded
cafe,Café,excluded,excluded,excluded
coffee_roastery,Café,excluded,excluded,excluded
coffee_shop,Café,excluded,excluded,excluded
coffee_stand,Café,excluded,excluded,excluded
tea_house,Salon de Thé,excluded,excluded,excluded
korean_barbecue_restaurant,Barbecue Coréen,single_dish_specialist,Spécialité,Grillades et viandes
mongolian_barbecue_restaurant,Barbecue Mongol,single_dish_specialist,Spécialité,Grillades et viandes
yakiniku_restaurant,Yakiniku,single_dish_specialist,Spécialité,Grillades et viandes
barbecue_restaurant,Barbecue,single_dish_specialist,Spécialité,Grillades et viandes
yakitori_restaurant,Yakitori,single_dish_specialist,Spécialité,Grillades et viandes
soul_food_restaurant,Soul Food,single_dish_specialist,Spécialité,Grillades et viandes
steak_house,Steaks House,single_dish_specialist,Spécialité,Grillades et viandes
chicken_restaurant,Poulet,single_dish_specialist,Spécialité,Grillades et viandes
chicken_wings_restaurant,Chicken Wings,single_dish_specialist,Spécialité,Grillades et viandes
tonkatsu_restaurant,Tonkatsu,single_dish_specialist,Spécialité,Grillades et viandes
israeli_restaurant,Israélien,regional_gastronomy,Cuisines du monde,Moyen-Orient
lebanese_restaurant,Libanais,regional_gastronomy,Cuisines du monde,Moyen-Orient
persian_restaurant,Persan,regional_gastronomy,Cuisines du monde,Moyen-Orient
turkish_restaurant,Turc,regional_gastronomy,Cuisines du monde,Moyen-Orient
chinese_noodle_restaurant,Nouilles Chinoises,single_dish_specialist,Spécialité,Nouilles et soupes
japanese_curry_restaurant,Curry Japonais,single_dish_specialist,Spécialité,Nouilles et soupes
noodle_shop,Nouilles,single_dish_specialist,Spécialité,Nouilles et soupes
ramen_restaurant,Ramens,single_dish_specialist,Spécialité,Nouilles et soupes
soup_restaurant,Soupes,single_dish_specialist,Spécialité,Nouilles et soupes
australian_restaurant,Australien,regional_gastronomy,Cuisines du monde,Océanie
bakery,Boulangerie,place_type,Type d'établissement,Pas de submenu
halal_restaurant,Halal,regime_particulier,Régime particulier,Pas de submenu
vegan_restaurant,Végan,regime_particulier,Régime particulier,Pas de submenu
vegetarian_restaurant,Végétarien,regime_particulier,Régime particulier,Pas de submenu
bistro,Bistrot,place_type,Type d'établissement,Pas de submenu
brunch_restaurant,Brunch,place_type,Type d'établissement,Pas de submenu
buffet_restaurant,Buffet,place_type,Type d'établissement,Pas de submenu
cafeteria,Cafétéria,place_type,Type d'établissement,Pas de submenu
diner,Diner,place_type,Type d'établissement,Pas de submenu
family_restaurant,Familial,place_type,Type d'établissement,Pas de submenu
fast_food_restaurant,Restauration Rapide,place_type,Type d'établissement,Pas de submenu
fine_dining_restaurant,Gastronomique,place_type,Type d'établissement,Pas de submenu
food_court,Buffet,place_type,Type d'établissement,Pas de submenu
meal_delivery,Livraison de Repas,place_type,Type d'établissement,Pas de submenu
meal_takeaway,Vente à Emporter,place_type,Type d'établissement,Pas de submenu
restaurant,Restaurant,place_type,Type d'établissement,Pas de submenu
snack_bar,Snack-Bar,place_type,Type d'établissement,Pas de submenu
fondue_restaurant,Fondue,single_dish_specialist,Spécialité,Plats à partager
hot_pot_restaurant,Fondue Chinoises,single_dish_specialist,Spécialité,Plats à partager
breakfast_restaurant,Petit-Déjeuner,single_dish_specialist,Spécialité,Plats à partager
fusion_restaurant,Fusion,single_dish_specialist,Spécialité,Plats à partager
dim_sum_restaurant,Dim Sum,single_dish_specialist,Spécialité,Plats à partager
dumpling_restaurant,Raviolis,single_dish_specialist,Spécialité,Plats à partager
salad_shop,Salades,single_dish_specialist,Spécialité,Plats à partager
tapas_restaurant,Tapas,single_dish_specialist,Spécialité,Plats à partager
oyster_bar_restaurant,Bar à Huîtres,single_dish_specialist,Spécialité,Poissons et fruits de mer
seafood_restaurant,Fruits de Mer,single_dish_specialist,Spécialité,Poissons et fruits de mer
fish_and_chips_restaurant,Fish and Chips,single_dish_specialist,Spécialité,Poissons et fruits de mer
sushi_restaurant,Sushis,single_dish_specialist,Spécialité,Poissons et fruits de mer
bagel_shop,Bagels,single_dish_specialist,Spécialité,Sandwichs et street food
burrito_restaurant,Burritos,single_dish_specialist,Spécialité,Sandwichs et street food
deli,Épicerie Fine,single_dish_specialist,Spécialité,Sandwichs et street food
falafel_restaurant,Falafels,single_dish_specialist,Spécialité,Sandwichs et street food
gyro_restaurant,Gyros,single_dish_specialist,Spécialité,Sandwichs et street food
hamburger_restaurant,Hamburgers,single_dish_specialist,Spécialité,Sandwichs et street food
hot_dog_restaurant,Hot-Dogs,single_dish_specialist,Spécialité,Sandwichs et street food
hot_dog_stand,Hot-Dogs,single_dish_specialist,Spécialité,Sandwichs et street food
kebab_shop,Kebabs,single_dish_specialist,Spécialité,Sandwichs et street food
pizza_delivery,Pizzas,single_dish_specialist,Spécialité,Sandwichs et street food
pizza_restaurant,Pizzas,single_dish_specialist,Spécialité,Sandwichs et street food
sandwich_shop,Sandwichs,single_dish_specialist,Spécialité,Sandwichs et street food
shawarma_restaurant,Chawarmas,single_dish_specialist,Spécialité,Sandwichs et street food
taco_restaurant,Tacos,single_dish_specialist,Spécialité,Sandwichs et street food
acai_shop,Açaïs,sweet,Spécialité,Sucré
cake_shop,Gâteaux,sweet,Spécialité,Sucré
candy_store,Bonbons,sweet,Spécialité,Sucré
chocolate_factory,Chocolats,sweet,Spécialité,Sucré
chocolate_shop,Chocolats,sweet,Spécialité,Sucré
confectionery,Confiserie,sweet,Spécialité,Sucré
dessert_restaurant,Desserts,sweet,Spécialité,Sucré
dessert_shop,Desserts,sweet,Spécialité,Sucré
donut_shop,Donuts,sweet,Spécialité,Sucré
ice_cream_shop,Glaces,sweet,Spécialité,Sucré
juice_shop,Bar à Jus,sweet,Spécialité,Sucré
pastry_shop,Pâtisseries,sweet,Spécialité,Sucré
